,Basic Model,Tuned Model
R2 Score,0.8519013939862836,0.8676234196445968
RMSE,149629.7441920462,141464.68180410066
MAE,81046.59413698106,70741.78691612664
Normalized RMSE,0.2770468977575303,0.2619288794999194
Normalized MAE,0.15006179152886506,0.1309819295138442
